{"cameraMode":{"drawMode":0,"name":"Shaded","section":"Shading Mode"},"sceneLighting":false,"audioPlay":false,"sceneViewState":{"showFog":true,"showMaterialUpdate":false,"showSkybox":false,"showFlares":true,"showImageEffects":true,"showParticleSystems":true},"in2DMode":false,"pivot":{"x":14.96826171875,"y":1.126220703125,"z":45.62457275390625},"rotation":{"x":0.16002847254276277,"y":0.7520804405212402,"z":-0.1979757398366928,"w":0.6079254150390625},"size":1.2505733966827393,"orthographic":true}