{"cameraMode":{"drawMode":0,"name":"Shaded","section":"Shading Mode"},"sceneLighting":true,"audioPlay":false,"sceneViewState":{"showFog":true,"showMaterialUpdate":false,"showSkybox":true,"showFlares":true,"showImageEffects":true,"showParticleSystems":true},"in2DMode":false,"pivot":{"x":-8.80908203125,"y":6.57666015625,"z":61.80242919921875},"rotation":{"x":0.09138218313455582,"y":0.757727324962616,"z":-0.1087130680680275,"w":0.6369312405586243},"size":9.933940887451172,"orthographic":true}