{"cameraMode":{"drawMode":0,"name":"Shaded","section":"Shading Mode"},"sceneLighting":true,"audioPlay":false,"sceneViewState":{"showFog":true,"showMaterialUpdate":false,"showSkybox":true,"showFlares":true,"showImageEffects":true,"showParticleSystems":true},"in2DMode":false,"pivot":{"x":14.988646507263184,"y":1.0459299087524415,"z":40.34000015258789},"rotation":{"x":0.12137188762426377,"y":0.6966125965118408,"z":-0.12137197703123093,"w":0.696612536907196},"size":13.98373031616211,"orthographic":true}