{"cameraMode":{"drawMode":0,"name":"Shaded","section":"Shading Mode"},"sceneLighting":false,"audioPlay":false,"sceneViewState":{"showFog":true,"showMaterialUpdate":false,"showSkybox":false,"showFlares":true,"showImageEffects":true,"showParticleSystems":true},"in2DMode":false,"pivot":{"x":-0.8470858335494995,"y":1.3397220373153687,"z":0.0},"rotation":{"x":-0.24380333721637727,"y":-0.2599964141845703,"z":0.06802340596914292,"w":-0.9318463802337647},"size":1.9208579063415528,"orthographic":false}